{"epoch":10,"_timestamp":1.772711813618401e+09,"train_loss":0.03746494166812646,"train_accuracy":0.9921851851851852,"_wandb":{"runtime":72},"val_accuracy":0.9758333333333333,"_runtime":72,"val_loss":0.08584017911609639,"_step":9}