{"_step":9,"val_accuracy":0.973,"epoch":10,"train_accuracy":0.9902407407407408,"_runtime":137,"val_loss":0.10943322264670652,"_wandb":{"runtime":137},"train_loss":0.0200639523980444,"_timestamp":1.7720409502248826e+09}