{"_wandb":{"runtime":154},"val_accuracy":0.9805,"_step":9,"val_loss":0.08199995017495676,"train_loss":0.02094720733246824,"_timestamp":1.7720517992185297e+09,"train_accuracy":0.9962222222222222,"epoch":10,"_runtime":154}