{"val_accuracy":0.109,"_timestamp":1.7720433928796885e+09,"_step":9,"val_loss":2.301987548049211,"_wandb":{"runtime":134},"_runtime":134,"epoch":10,"train_loss":2.3011826728958558,"train_accuracy":0.11274074074074074}