{"_wandb":{"runtime":198},"_step":15,"val_loss":0.34692742615296585,"test_accuracy":0.8771,"epoch":15,"train_loss":0.19909971962005668,"_timestamp":1.772081152225864e+09,"val_accuracy":0.881,"_runtime":198}