{"epoch":9,"_wandb":{"runtime":55},"_runtime":55,"val_accuracy":0.9751666666666666,"_timestamp":1.772780085169732e+09,"_step":9}