{"_wandb":{"runtime":64},"val_loss":0.07101198272177003,"epoch":10,"train_loss":0.03646766933157716,"train_accuracy":0.9936666666666667,"val_accuracy":0.98,"_timestamp":1.7720493782382603e+09,"_step":9,"_runtime":64}