{"_wandb":{"runtime":53},"_runtime":53,"_step":9,"epoch":9,"val_accuracy":0.9758333333333333,"_timestamp":1.7727808675136042e+09}