{"epoch":1,"_timestamp":1.7718673561771646e+09,"val_loss":0.13483908338193765,"_wandb":{"runtime":11},"train_accuracy":0.964462962962963,"val_accuracy":0.9588333333333333,"_step":0,"train_loss":0.2774563216505214,"_runtime":11}