{"_step":4,"_wandb":{"runtime":25},"_timestamp":1.7720472940797393e+09,"train_loss":0.11873622368755449,"val_loss":0.1184727745847199,"train_accuracy":0.9717962962962963,"epoch":5,"_runtime":25,"val_accuracy":0.964}