{"_wandb":{"runtime":98},"epoch":10,"train_loss":2.0297349704727883,"val_loss":2.009417434031079,"optimizer":"nag","val_accuracy":0.5105,"_step":9,"_timestamp":1.7720756831097116e+09,"_runtime":98}