{"val_accuracy":0.9793333333333333,"train_loss":0.017104305486161375,"val_loss":0.07739269879689507,"_wandb":{"runtime":50},"_runtime":50,"_step":9,"epoch":10,"train_accuracy":0.9961851851851852,"_timestamp":1.772046431249195e+09}