{"_wandb":{"runtime":26},"_step":9,"train_accuracy":0.9929814814814815,"val_accuracy":0.977,"val_loss":0.0853915010815295,"_timestamp":1.772048123678401e+09,"train_loss":0.037348630406132434,"_runtime":26,"epoch":10}