{"_runtime":117,"_step":9,"_timestamp":1.772041101906469e+09,"train_loss":1.9030413032668139,"val_loss":1.873142891311413,"epoch":10,"train_accuracy":0.5891296296296297,"_wandb":{"runtime":117},"val_accuracy":0.592}