{"val_loss":0.09600997841654062,"train_accuracy":0.9877592592592592,"val_accuracy":0.9728333333333333,"train_loss":0.0452709393002848,"epoch":10,"_runtime":91,"_timestamp":1.7720441039406505e+09,"_step":9,"_wandb":{"runtime":91}}