{"_timestamp":1.7720512132036774e+09,"_step":9,"epoch":10,"val_loss":0.0736822832417248,"train_accuracy":0.9977962962962963,"val_accuracy":0.9781666666666666,"train_loss":0.014451225790377172,"_wandb":{"runtime":63},"_runtime":63}