{"_step":49,"neuron_1_grad_norm":0.0010158323918172552,"neuron_3_grad_norm":0.0008430848788381995,"_wandb":{"runtime":0},"iteration":50,"_runtime":0,"neuron_0_grad_norm":0,"neuron_2_grad_norm":0.0008618081637912796,"_timestamp":1.7720807499755564e+09,"neuron_4_grad_norm":0.0006722358725529951}