{"train_accuracy":0.9933703703703703,"epoch":10,"val_loss":0.07907640667310975,"train_loss":0.03607238770190848,"_runtime":72,"val_accuracy":0.977,"_wandb":{"runtime":72},"_step":9,"_timestamp":1.7727383671121807e+09}