{"train_loss":0.03495782693532809,"val_accuracy":0.9788333333333333,"train_accuracy":0.9920555555555556,"_wandb":{"runtime":124},"epoch":10,"_runtime":124,"_timestamp":1.7720412433032098e+09,"_step":9,"val_loss":0.07528855041423628}