{"_runtime":61,"val_loss":0.12267192812340949,"val_accuracy":0.9633333333333334,"_step":4,"epoch":5,"train_accuracy":0.9676481481481481,"_timestamp":1.7720439189646144e+09,"_wandb":{"runtime":61},"train_loss":0.12886016926980648}