{"_wandb":{"runtime":89},"train_accuracy":0.9836851851851852,"epoch":10,"train_loss":0.07782215137731913,"val_accuracy":0.962,"val_loss":0.13289689876955307,"_step":9,"_runtime":89,"_timestamp":1.7720447559604654e+09}