{"_step":4,"val_loss":0.10561836000157196,"_runtime":24,"train_accuracy":0.9802962962962963,"val_accuracy":0.9683333333333334,"train_loss":0.08053861236976091,"epoch":5,"_wandb":{"runtime":24},"_timestamp":1.7720451839889402e+09}