{"_timestamp":1.7720790149440622e+09,"val_loss":0.3564003528530847,"dead_neuron_count":0,"_step":9,"train_loss":0.3663676498722137,"epoch":10,"_wandb":{"runtime":113},"mean_activation":-0.006665806017506791,"val_accuracy":0.9005,"_runtime":113}