{"train_accuracy":0.9888703703703704,"_runtime":34,"_step":4,"epoch":5,"val_loss":0.07688159485223649,"val_accuracy":0.9761666666666666,"train_loss":0.054600903056010314,"_timestamp":1.7720455922025049e+09,"_wandb":{"runtime":34}}