{"_timestamp":1.772049073661878e+09,"_step":4,"epoch":5,"train_loss":0.07225429837396934,"train_accuracy":0.9847777777777778,"val_loss":0.08347421897518738,"_runtime":82,"val_accuracy":0.9756666666666667,"_wandb":{"runtime":82}}