{"_runtime":162,"_wandb":{"runtime":162},"epoch":10,"train_loss":0.014100921807697822,"val_loss":0.09540705648942734,"val_accuracy":0.9781666666666666,"_step":9,"train_accuracy":0.9953333333333333,"_timestamp":1.772047923764013e+09}