{"val_accuracy":0.9763333333333334,"_runtime":52,"val_loss":0.08200149569884337,"_wandb":{"runtime":52},"train_accuracy":0.9952962962962963,"epoch":10,"_timestamp":1.7720477535127645e+09,"_step":9,"train_loss":0.01936945700474767}