{"train_accuracy":0.9882037037037037,"val_accuracy":0.9736666666666667,"_timestamp":1.7720502995853198e+09,"train_loss":0.045851055156970646,"_runtime":85,"epoch":5,"_wandb":{"runtime":85},"val_loss":0.08591322037871767,"_step":4}