{"_timestamp":1.772075770206068e+09,"val_accuracy":0.9805,"_wandb":{"runtime":83},"_runtime":83,"_step":9,"val_loss":0.11128781516323971,"train_loss":0.02296141439630902,"epoch":10,"optimizer":"rmsprop"}