{"val_accuracy":0.9745,"_runtime":75,"train_loss":0.0327647800095962,"_step":9,"_wandb":{"runtime":75},"val_loss":0.08552172138160886,"train_accuracy":0.9909444444444444,"_timestamp":1.772048265387846e+09,"epoch":10}