{"epoch":5,"_wandb":{"runtime":26},"_timestamp":1.772044875833647e+09,"train_accuracy":0.9872592592592593,"train_loss":0.05732335251686803,"_step":4,"_runtime":26,"val_accuracy":0.9756666666666667,"val_loss":0.0861057555041881}