{"train_accuracy":0.9874444444444445,"_timestamp":1.7720510037641516e+09,"_runtime":29,"val_loss":0.0870294520552935,"_step":4,"epoch":5,"val_accuracy":0.9746666666666667,"_wandb":{"runtime":29},"train_loss":0.04392499096474466}