{"_runtime":62,"val_accuracy":0.976,"_step":9,"val_loss":0.08004473853609745,"epoch":10,"_wandb":{"runtime":62},"train_accuracy":0.9928148148148148,"_timestamp":1.7727128948352773e+09,"train_loss":0.03634661702121542}