{"_runtime":77,"epoch":10,"val_loss":0.11254211116966709,"val_accuracy":0.9673333333333334,"train_loss":0.05587191093633856,"_timestamp":1.7720762438425422e+09,"_wandb":{"runtime":77},"_step":9,"first_layer_grad_norm":0.005155892422540759}