{"val_accuracy":0.9716666666666667,"train_loss":0.07514564827956006,"_runtime":81,"_timestamp":1.7720502053357074e+09,"_step":4,"val_loss":0.09413896409246862,"train_accuracy":0.9823518518518518,"epoch":5,"_wandb":{"runtime":81}}