{"_runtime":26,"_wandb":{"runtime":26},"_timestamp":1.7720474504935105e+09,"epoch":5,"train_loss":0.14059000241742367,"val_accuracy":0.9481666666666667,"val_loss":0.17489416689395004,"train_accuracy":0.958462962962963,"_step":4}