{"val_loss":0.08769543758494491,"_wandb":{"runtime":21},"_runtime":21,"_timestamp":1.7720451424008045e+09,"epoch":5,"_step":4,"train_loss":0.06723252439942176,"val_accuracy":0.9723333333333334,"train_accuracy":0.9841111111111112}