{"train_accuracy":0.9443518518518519,"_wandb":{"runtime":63},"val_loss":0.2102950782905801,"_runtime":63,"train_loss":0.19683966905250186,"epoch":10,"val_accuracy":0.9426666666666667,"_step":9,"_timestamp":1.7720475306786122e+09}