{"_timestamp":1.7720456908351622e+09,"train_accuracy":0.9941111111111111,"_step":9,"epoch":10,"_wandb":{"runtime":89},"train_loss":0.020502540865553597,"val_accuracy":0.9731666666666666,"val_loss":0.10031648667855105,"_runtime":89}