{"val_loss":0.07291299744170007,"_wandb":{"runtime":63},"_step":9,"_runtime":63,"train_accuracy":0.9971111111111111,"_timestamp":1.7720509575311935e+09,"train_loss":0.014685107882774447,"val_accuracy":0.9778333333333333,"epoch":10}