{"_wandb":{"runtime":32},"val_accuracy":0.9743333333333334,"_runtime":32,"val_loss":0.07787713494440106,"epoch":5,"train_loss":0.05467537780481438,"_timestamp":1.772050802836746e+09,"_step":4,"train_accuracy":0.9887777777777778}