{"_timestamp":1.7720435679334679e+09,"val_loss":0.14357310269233134,"_step":4,"_runtime":38,"epoch":5,"val_accuracy":0.9563333333333334,"train_accuracy":0.9661666666666666,"train_loss":0.12745177917926986,"_wandb":{"runtime":38}}