{"val_accuracy":0.9746666666666667,"_wandb":{"runtime":107},"_runtime":107,"_timestamp":1.7720435104870849e+09,"train_loss":0.029590900163103794,"train_accuracy":0.9923703703703703,"_step":9,"epoch":10,"val_loss":0.08989228153388656}