{"val_accuracy":0.9745,"train_loss":0.05225292586496395,"epoch":5,"val_loss":0.08363573287561665,"_wandb":{"runtime":80},"_step":4,"_runtime":80,"train_accuracy":0.9871851851851852,"_timestamp":1.7720442042506573e+09}