{"_timestamp":1.7720511382029674e+09,"_step":4,"epoch":5,"train_accuracy":0.9772037037037037,"val_accuracy":0.9715,"train_loss":0.0945702065546296,"_runtime":32,"_wandb":{"runtime":32},"val_loss":0.09678028067176891}