{"_runtime":62,"train_loss":0.016578937654219725,"epoch":10,"_wandb":{"runtime":62},"train_accuracy":0.9967037037037038,"val_accuracy":0.9838333333333333,"_timestamp":1.7720452568268805e+09,"_step":9,"val_loss":0.06755030624165455}