{"_wandb":{"runtime":18},"_step":4,"val_loss":0.1381963640297152,"_timestamp":1.7720498483953674e+09,"train_accuracy":0.9651111111111111,"val_accuracy":0.9586666666666667,"epoch":5,"_runtime":18,"train_loss":0.14084969160211852}