{"val_accuracy":0.9753333333333334,"epoch":10,"train_accuracy":0.9911481481481481,"val_loss":0.08229066293657648,"_wandb":{"runtime":64},"train_loss":0.03569348275898945,"_step":9,"_timestamp":1.7720508853142278e+09,"_runtime":64}