{"_wandb":{"runtime":78},"_step":9,"epoch":10,"_runtime":78,"train_accuracy":0.9917037037037038,"train_loss":0.027927188412038523,"val_accuracy":0.975,"_timestamp":1.7720457871497128e+09,"val_loss":0.09355131644726879}